Date,close,volume,high,low,daily_return,30d_ma
2023-06-12,324.179443359375,24260300,324.4236647224886,317.6440772974819,,
2023-06-13,326.5630798339844,22951300,329.1909043563213,322.75323214002157,0.007353,
2023-06-14,329.54254150390625,26003800,331.20325873096044,325.11725150881233,0.009124,
2023-06-15,340.0538635253906,38899100,341.75363483053593,329.40581706772855,0.031897,
2023-06-16,334.4172058105469,46552000,343.3459537429244,334.04601435643656,-0.016576,
2023-06-20,330.2361145019531,26375400,334.17296167361366,328.09673298112693,-0.012503,
2023-06-21,325.8499450683594,25117800,329.923570971666,324.3943951235906,-0.013282,
2023-06-22,331.8577880859375,23556800,332.2583147464339,325.6350317853251,0.018437,
2023-06-23,327.2762145996094,23146900,330.14826075055646,325.7425268104143,-0.013806,
2023-06-26,321.0045471191406,21520600,328.34093617153155,320.89707422323846,-0.019163,
2023-06-27,326.83660888671875,24354100,328.3800749537934,321.6884029069419,0.018168,
2023-06-28,328.0870361328125,20259500,330.1678072397065,326.0941811528345,0.003826,
2023-06-29,327.3055114746094,16997000,328.3410078355039,324.93168659890875,-0.002382,
2023-06-30,332.6685791015625,26832800,334.80796061953606,329.40578527983763,0.016386,
2023-07-03,330.17755126953125,12508700,333.02029191600536,328.7903904255227,-0.007488,
2023-07-05,330.3338317871094,18172400,333.752931098431,326.99290001201024,0.000473,
2023-07-06,333.3816833496094,28161200,335.0619274987614,327.7450650936466,0.009227,
2023-07-07,329.42535400390625,21214800,333.8897282258727,329.2104379854344,-0.011867,
2023-07-10,324.1599426269531,32791400,327.48137758941004,320.0179571321777,-0.015984,
2023-07-11,324.78509521484375,26698200,325.16606502447587,319.4415308007057,0.001929,
2023-07-12,329.40582275390625,29995300,333.75294560855826,327.91118903960694,0.014227,
2023-07-13,334.7396240234375,20567200,335.7946473564409,331.18374612162296,0.016192,
2023-07-14,337.260009765625,28352700,343.30693463785855,336.3515132189097,0.007529,
2023-07-17,337.7386169433594,20363900,338.9694723365567,334.2902125016096,0.001419,
2023-07-18,351.1805725097656,64738600,358.30207642907544,334.26093764915,0.0398,
2023-07-19,346.8724670410156,39732900,354.08188631915596,344.29350499570205,-0.012267,
2023-07-20,338.8523254394531,33778400,349.69576227029717,337.38699694372247,-0.023121,
2023-07-21,335.82391357421875,69405400,342.20297462021114,331.9749823654145,-0.008937,
2023-07-24,337.1329345703125,26678100,338.9011247209187,334.3976671440658,0.003898,
2023-07-25,342.8673095703125,41637700,343.7562790203098,337.09391224924093,0.017009,332.33
2023-07-26,329.9626159667969,58383700,336.70314999869004,325.41032580255074,-0.037638,332.53
2023-07-27,323.0755920410156,39635300,333.4403334728924,321.4441800463063,-0.020872,332.41
2023-07-28,330.5487365722656,28484900,332.1508430764587,325.4689499409115,0.023131,332.44
2023-07-31,328.1554260253906,25446000,329.8942812123279,325.6545714457516,-0.00724,332.05
2023-08-01,328.5656433105469,18311900,330.7148031903255,325.9866812669901,0.00125,331.85
2023-08-02,319.9300231933594,27761300,325.9183364890345,318.8163593371292,-0.026283,331.51
2023-08-03,319.10943603515625,18253700,322.25500868577666,318.415855644904,-0.002565,331.28
2023-08-04,320.2034606933594,23741500,327.3933519644363,319.67593428683085,0.003428,330.9
2023-08-07,322.47967529296875,17741500,323.45656084506595,319.94954529049863,0.007109,330.74
2023-08-08,318.5135192871094,22327600,321.151122177393,315.5340303066097,-0.012299,330.65
2023-08-09,314.7818603515625,22373300,319.5490370786911,313.629112676302,-0.011716,330.25
2023-08-10,315.4656677246094,20113700,320.6724848006537,313.75611788086866,0.002172,329.83
2023-08-11,313.59002685546875,24355500,314.9576606059445,311.83161505156005,-0.005946,329.37
2023-08-14,316.5500793457031,18836100,316.569606329091,312.681590157334,0.009439,328.84
2023-08-15,314.42034912109375,16966300,317.5756999823602,313.48254739923874,-0.006728,328.31
2023-08-16,313.65679931640625,20698900,317.59221281010525,313.06942104679297,-0.002428,327.75
2023-08-17,310.2109069824219,21257200,315.09587723168505,309.5549947446499,-0.010986,326.98
2023-08-18,309.8193664550781,24755000,311.679373042675,304.9931006267398,-0.001262,326.33
2023-08-21,315.105712890625,24040000,315.97696640050947,310.36757919700125,0.017063,326.03
2023-08-22,315.6734924316406,16084600,319.2173010637489,314.6945384503818,0.001802,325.72
2023-08-23,320.117919921875,21166400,322.2716304158125,316.65241480901244,0.014079,325.41
2023-08-24,313.2358703613281,23281400,325.97206974501347,313.22607126255105,-0.021498,324.7
2023-08-25,316.1824951171875,21684100,318.5123799630537,312.09044570865603,0.009407,323.99
2023-08-28,316.8873291015625,14808500,319.2857477751521,314.94898999316615,0.002229,323.3
2023-08-29,321.49822998046875,19284600,322.0562408320529,315.1056626837717,0.014551,322.31
2023-08-30,321.8702087402344,15222100,322.86873080054954,319.57946057224274,0.001157,321.48
2023-08-31,320.8619689941406,26411000,323.9456680844239,319.90258332981267,-0.003132,320.88
2023-09-01,321.74298095703125,14942000,325.00288418337306,319.9025429102048,0.002746,320.41
2023-09-05,326.5300598144531,18553900,327.80271780347465,321.7429908017799,0.014879,320.05
2023-09-06,325.8741149902344,17535800,327.42084870322736,323.2309280293988,-0.002009,319.49
2023-09-07,322.9666748046875,18381000,326.0699418421109,322.1051906191248,-0.008922,319.25
2023-09-08,327.2348937988281,19530100,329.0851309217736,322.5261281543159,0.013216,319.39
2023-09-11,330.82769775390625,16583300,331.2976064014658,328.37051379787096,0.010979,319.4
2023-09-12,324.78753662109375,17565500,329.7019045004539,324.5036614898463,-0.018258,319.29
2023-09-13,328.9872131347656,16544400,329.76059500536803,324.2001445661415,0.012931,319.3
2023-09-14,331.5716857910156,20267000,333.68619984765456,329.48650927999284,0.007856,319.69
2023-09-15,323.2701721191406,37679800,330.29905425690873,322.7121612017879,-0.025037,319.83
2023-09-18,322.1345520019531,16834200,323.4463465779978,319.4913646526402,-0.003513,319.89
2023-09-19,321.7331848144531,16505900,322.45763099664185,317.6803313099975,-0.001246,319.87
2023-09-20,314.01898193359375,21436500,322.65336113195434,313.7644742751729,-0.023977,319.72
2023-09-21,312.80517578125,35560400,318.5026953288837,308.3705152803261,-0.003865,319.65
2023-09-22,310.3382263183594,21447900,314.6847845974936,309.49631031819246,-0.007887,319.48
2023-09-25,310.8570556640625,17836000,310.98432446171176,308.3705041858595,0.001672,319.39
2023-09-26,305.5706481933594,26297600,309.2319257820145,303.49524107796117,-0.017006,319.03
2023-09-27,306.2070007324219,19410100,307.6852008158054,303.1722376476752,0.002083,318.75
2023-09-28,307.03912353515625,19683600,308.8403951730469,302.9373041972711,0.002718,318.53
2023-09-29,309.10467529296875,24147300,312.746384776468,308.35089159051364,0.006727,318.5
2023-10-02,315.0273132324219,20570000,315.1154453625428,308.5466440139972,0.019161,318.67
2023-10-03,306.79437255859375,21033500,314.6260036436558,304.6602303826851,-0.026134,318.39
2023-10-04,312.24713134765625,20720100,313.3044183025866,307.391528310135,0.017773,318.28
2023-10-05,312.6387023925781,16965600,313.2456789043345,308.2725763744339,0.001254,318.03
2023-10-06,320.3725280761719,25673600,322.261902317624,309.6431696383201,0.024737,318.27
2023-10-09,322.8785400390625,19891200,323.34841872912307,316.37827265710837,0.007822,318.49
2023-10-10,321.4787292480469,20557100,324.1316863124822,320.7738811492504,-0.004335,318.64
2023-10-11,325.423828125,20063200,325.81540366125716,322.21286092721374,0.012272,318.77
2023-10-12,324.19036865234375,19313100,326.6083859172805,321.8017188086289,-0.00379,318.85
2023-10-13,320.83251953125,21072400,326.80411343693316,319.4913278140148,-0.010358,318.85
2023-10-16,325.63916015625,22158000,329.06549796997166,323.64208632259823,0.014982,318.98
2023-10-17,325.0714111328125,18338500,326.4419405397074,320.51928173209353,-0.001743,318.93
2023-10-18,323.1624450683594,23153600,328.5271229876209,321.3905409680336,-0.005872,318.84
2023-10-19,324.3470153808594,25052100,329.7899967094516,323.9456406942705,0.003666,318.89
2023-10-20,319.7948913574219,25027700,324.93439945615916,318.60056637565555,-0.014035,318.64
2023-10-23,322.38909912109375,24374700,325.7273354388913,317.56286365993043,0.008112,318.36
2023-10-24,323.5736389160156,31153600,324.8560661648909,320.7053110922139,0.003674,318.32
2023-10-25,333.500244140625,55053800,338.91385810810175,330.5144167677778,0.030678,318.47
2023-10-26,320.9892272949219,37828500,334.44004510375515,320.0592090856676,-0.037514,318.11
2023-10-27,322.8687744140625,29856500,329.63334926048014,321.4884458683103,0.005855,318.1
2023-10-30,330.2109375,22828100,332.3059131853902,324.8462593748241,0.02274,318.37
2023-10-31,330.99407958984375,20265300,331.865362876774,327.64607407506094,0.002372,318.68
2023-11-01,338.7865295410156,28158800,340.10812307119625,332.50163335597534,0.023543,319.5
2023-11-02,340.9892272949219,24348100,341.48847346531505,337.5139230484177,0.006502,320.44
2023-11-03,345.3749084472656,23637700,346.93147136857294,340.02002965992455,0.012862,321.61
2023-11-06,349.0263671875,23828300,350.0151200008031,345.91330154053924,0.010572,322.88
2023-11-07,352.9422302246094,25833900,354.83160398439014,350.1032700356418,0.011219,324.46
2023-11-08,355.5560302734375,26767800,356.211912585882,352.9617788165993,0.007406,326.11
2023-11-09,353.0989074707031,24847300,357.11262469595323,352.7758359325908,-0.006911,327.64
2023-11-10,361.8899230957031,28042100,362.3108661279153,353.4709130749397,0.024897,329.4
2023-11-13,358.96282958984375,19986500,360.7151655370174,358.1992466988061,-0.008088,330.87
2023-11-14,362.47723388671875,27683900,364.1218990717547,359.61870535436486,0.00979,332.72
2023-11-15,362.6243591308594,26860100,366.0184055463694,360.11312341587404,0.000406,334.4
2023-11-16,369.00048828125,27182300,369.17705042836303,363.12463294088235,0.017583,336.28
2023-11-17,362.80096435546875,40157000,367.23480603716206,360.0052770614011,-0.016801,337.7
2023-11-20,370.2463073730469,52465100,371.64904556813445,363.9290460653395,0.020522,339.27
2023-11-21,365.9595642089844,28423100,369.0495215118682,364.04671781694736,-0.011578,340.76
2023-11-22,370.6484680175781,23345300,372.5514954656195,367.8233538705503,0.012813,342.26
2023-11-24,370.2364196777344,10176600,370.7661360069796,367.9900871592884,-0.001112,343.8
2023-11-27,371.39398193359375,22179200,373.38532049617334,369.02994094912424,0.003127,345.49
2023-11-28,375.4060363769531,20453100,375.70030662709087,370.9525569972749,0.010803,347.14
2023-11-29,371.6294250488281,28963400,376.97553440384473,370.24629493974936,-0.01006,348.7
2023-11-30,371.688232421875,30554400,372.8457352264803,368.31379412619617,0.000158,350.31
2023-12-01,367.3721618652344,33040500,370.9525899274523,364.23313921740737,-0.011612,351.75
2023-12-04,362.1045227050781,32063300,362.47725508494324,355.98343139448775,-0.014339,353.16
2023-12-05,365.4200134277344,23065000,365.96933781680315,358.6515286841893,0.009156,354.59
2023-12-06,361.77099609375,21182100,367.0484629860128,361.01568236902807,-0.009986,355.87
2023-12-07,363.8799743652344,23118900,364.3704447283438,359.3382140130918,0.00583,356.88
2023-12-08,367.09747314453125,20154400,367.3230703614092,361.2118285564288,0.008842,358.42
2023-12-11,364.22332763671875,27708800,364.51762785490314,359.1224531501872,-0.007829,359.79
2023-12-12,367.2445983886719,24838300,367.28384440026525,363.3992975227853,0.008295,361.03
2023-12-13,367.23480224609375,30955500,370.4424978188213,363.70340938140794,-2.7e-05,362.24
2023-12-14,358.95562744140625,43277500,366.63640997800485,357.1899461347514,-0.022545,362.91
2023-12-15,363.6641845703125,78502300,365.30233890168853,359.29898614385536,0.013117,363.66
2023-12-18,365.5475769042969,21802900,365.89091216563435,361.65324079721444,0.005179,364.34
2023-12-19,366.14593505859375,20603700,366.14593505859375,362.7911046946417,0.001637,364.91
2023-12-20,363.5562744140625,26316700,368.8631677330293,363.46799333439736,-0.007073,365.26
2023-12-21,366.42059326171875,17708000,367.2740068711911,362.98730085105643,0.007879,365.62
2023-12-22,367.44085693359375,17107500,368.02942750528564,365.60650210164266,0.002784,366.1
2023-12-26,367.5192565917969,12673100,369.7558002532684,366.38136175547834,0.000213,366.29
2023-12-27,366.94049072265625,14905400,367.9116124252774,365.7044958750045,-0.001575,366.56
2023-12-28,368.12744140625,14327000,369.2849443001597,367.0287925621367,0.003235,366.74
2023-12-29,368.8729553222656,18730800,369.9716041347207,366.3617494835299,0.002025,366.95
2024-01-02,363.80157470703125,25258600,368.7357066151799,359.77971072125337,-0.013748,366.78
2024-01-03,363.5366516113281,23083500,366.1459576250118,361.48648901542015,-0.000728,366.8
2024-01-04,360.9273681640625,20901500,365.98902639400353,360.17205450864094,-0.007177,366.49
2024-01-05,360.740966796875,21004600,364.96881910463645,359.5147908390338,-0.000516,366.32
2024-01-08,367.5486755371094,23134000,368.04896487668356,361.9769395114855,0.018871,366.21
2024-01-09,368.62774658203125,20830000,368.8239167777909,364.1154129764403,0.002936,366.16
2024-01-10,375.47467041015625,25514200,376.8480113734613,369.14762069750896,0.018574,366.3
2024-01-11,377.29925537109375,27850800,383.2339350900792,373.1302570741052,0.004859,366.36
2024-01-12,381.0660400390625,21661200,381.27202920676456,377.31883933016337,0.009984,366.68
2024-01-16,382.831787109375,27202300,386.52013440392574,380.2322997601581,0.004634,367.05
2024-01-17,382.0469970703125,22234100,382.67478358686355,377.47580955942465,-0.00205,367.54
2024-01-18,386.3631286621094,23392100,386.48083676243556,382.68460084723523,0.011297,368.34
2024-01-19,391.0716552734375,29331100,391.0716552734375,386.0001785110236,0.012187,369.2
2024-01-22,388.952880859375,27016900,392.9845335375129,386.08852029622886,-0.005418,370.11
2024-01-23,391.29730224609375,20525900,391.7681646348443,386.42202498468174,0.006028,371.02
2024-01-24,394.8875427246094,24867000,397.89903829237466,392.81777191847715,0.009175,371.95
2024-01-25,397.1534423828125,21021200,399.25266977586887,394.85804481824994,0.005738,373.04
2024-01-26,396.23138427734375,17803300,398.4287118822507,394.75997317345707,-0.002322,374.01
2024-01-29,401.91107177734375,24510200,402.16612596865383,396.6237864171102,0.014334,375.17
2024-01-30,400.8025817871094,33477600,405.1775691973873,398.7033841260815,-0.002758,376.56
2024-01-31,390.0024108886719,47871100,407.4043201802484,389.639467600293,-0.026946,377.44
2024-02-01,396.0842590332031,30657700,400.2238302394902,394.1419855506921,0.015594,378.46
2024-02-02,403.3824462890625,28256700,404.78518434173446,395.86843674032343,0.018426,379.7
2024-02-05,397.9186096191406,25352300,403.32360273614995,396.290244380319,-0.013545,380.84
2024-02-06,397.7616882324219,18382600,400.1944322717671,395.23087405866585,-0.000394,381.89
2024-02-07,406.15850830078125,22340500,406.4037434899342,399.63525825649936,0.02111,383.18
2024-02-08,406.2173767089844,21225300,407.6397528307197,404.66750343056947,0.000145,384.47
2024-02-09,412.53460693359375,22032800,412.799480086422,407.17867899598485,0.015551,385.99
2024-02-12,407.3454895019531,21202900,412.7210259706923,406.8452001103824,-0.012579,387.3
2024-02-13,398.5758056640625,27824900,402.25433304223213,395.70165679054304,-0.021529,388.29
2024-02-14,402.4282531738281,20401200,402.77222335184723,397.59311635632974,0.009666,389.57
2024-02-15,399.54876708984375,21825500,402.07445398469247,397.31792461353893,-0.007155,390.77
2024-02-16,397.09185791015625,22296500,401.248921048528,396.48255480055184,-0.006149,391.98
2024-02-20,395.8438720703125,24307900,397.5145374793992,391.1463046402673,-0.003143,393.15
2024-02-21,395.2442932128906,18518900,395.3524118295115,390.3698381114288,-0.001515,394.07
2024-02-22,404.551025390625,27009900,405.7106689082216,401.5241536683513,0.023547,395.27
2024-02-23,403.2635498046875,16295900,408.688344814685,401.9171806983302,-0.003182,396.2
2024-02-26,400.5119323730469,16193500,405.05225512208284,400.3350137011801,-0.006823,396.97
2024-02-27,400.45294189453125,14835800,401.27845233828214,396.88553712565647,-0.000147,397.62
2024-02-28,400.68878173828125,13183100,402.24152110085487,398.33017625490425,0.000589,398.21
2024-02-29,406.5066833496094,31947300,407.05702360240457,398.91981558888216,0.01452,399.03
2024-03-01,408.3346862792969,17823400,408.6983008162442,403.79436315826524,0.004497,399.76
2024-03-04,407.7646484375,17596000,410.1527354833861,405.2094798738606,-0.001396,400.31
2024-03-05,395.7061767578125,26919200,407.10613735676765,393.73086019090937,-0.029572,400.54
2024-03-06,395.1559143066406,22344100,398.1729790488092,391.5197391699057,-0.001391,400.67
2024-03-07,402.0843505859375,18718500,402.713298120837,395.3033178435415,0.017533,400.91
2024-03-08,399.2146301269531,18002200,403.34221201538827,397.357209279769,-0.007137,400.98
2024-03-11,397.5439453125,16120800,398.68394443475927,394.34018518419236,-0.004185,401.02
2024-03-12,408.118408203125,22457000,408.4034154899357,399.7748296289143,0.026599,401.23
2024-03-13,407.9415283203125,17115900,410.96839994406946,404.3544792559954,-0.000433,401.47
2024-03-14,417.8869323730469,34157300,420.4421004545817,410.7816054753784,0.024379,402.4
2024-03-15,409.2387390136719,45079900,415.31215606424155,405.6713345351322,-0.020695,402.83
2024-03-18,410.1231994628906,20106000,413.47439659588105,406.64423942002503,0.002161,403.06
2024-03-19,414.1426696777344,19837900,414.3981955018545,408.3837114296865,0.009801,403.6
2024-03-20,417.8968505859375,17860100,418.61424242329224,413.4056537780831,0.009065,404.27
2024-03-21,421.96539306640625,21296200,423.3903994195494,419.79351351352574,0.009736,404.8
2024-03-22,421.3462829589844,17648500,422.446963535343,418.7223444405752,-0.001467,405.3
2024-03-25,415.5676574707031,18060500,420.03920955948905,414.33921403828305,-0.013715,405.4
2024-03-26,414.3785095214844,16725600,418.6436612820826,414.0836951106592,-0.002862,405.64
2024-03-27,414.1623229980469,16705000,417.13026150811925,411.78407332169564,-0.000522,406.16
2024-03-28,413.464599609375,21871200,414.59476162825587,411.89218593509474,-0.001685,406.52
2024-04-01,417.24822998046875,16316000,420.51098325002465,414.9387501061958,0.009151,407.11
2024-04-02,414.17218017578125,17912000,415.0959720756304,410.6342569413904,-0.007372,407.68
2024-04-03,413.1993103027344,16502300,415.96084917644856,411.862748041314,-0.002349,408.26
2024-04-04,410.673583984375,19370900,421.27751676074166,410.3689323931849,-0.006113,408.78
2024-04-05,418.1818542480469,16554800,419.1548019931233,411.1060369628787,0.018283,409.23
2024-04-08,417.26788330078125,14272400,419.91149627913853,416.00012113110665,-0.002186,409.7
2024-04-09,418.9286804199219,12496900,420.3634939121141,414.3490398303801,0.00398,410.31
2024-04-10,415.9607849121094,16216600,416.7174952724338,412.4621804028437,-0.007084,410.83
2024-04-11,420.5502624511719,17966400,421.96543178968227,415.076310912024,0.011033,411.49
2024-04-12,414.6242370605469,19253800,417.84767154999884,412.5309645735886,-0.014091,411.76
2024-04-15,406.5066833496094,20273500,419.45938357073686,406.3002832613404,-0.019578,411.7
2024-04-16,407.4304504394531,16765600,411.18458077665684,406.59513289625886,0.002272,411.69
2024-04-17,404.73773193359375,15855500,411.65633410094387,403.25376259314334,-0.006609,411.99
2024-04-18,397.29827880859375,21029900,404.78689570186344,396.98382006074763,-0.018381,412.06
2024-04-19,392.2371520996094,30565800,398.48748919707197,390.9104269146069,-0.012739,411.73
2024-04-22,394.0453186035156,20286900,395.9027393940693,388.9251749817352,0.00461,411.56
2024-04-23,400.5413818359375,15734500,401.16052215978465,396.10914808184776,0.016486,411.66
2024-04-24,402.0056457519531,15065300,405.3568429660157,399.76496617669443,0.003656,411.46
2024-04-25,392.1585388183594,40586500,392.993886513837,381.3383973548316,-0.024495,410.93
2024-04-26,399.3129577636719,29694700,405.8777529623426,398.76261744709456,0.018244,410.31
2024-04-29,395.3131103515625,19582100,399.31292950505053,392.30588312333157,-0.010017,409.85
2024-04-30,382.61590576171875,28781400,395.2246663994194,382.4586913890698,-0.032119,408.93
2024-05-01,388.12921142578125,23562500,394.7922882562086,383.57905157123434,0.01441,408.06
2024-05-02,390.9791564941406,17709400,393.0331103770738,387.84416635932274,0.007343,407.17
2024-05-03,399.64703369140625,17446700,400.1285739017596,394.9297930918896,0.02217,406.42
2024-05-06,406.40838623046875,16996600,406.79164496723695,399.3620218492585,0.016918,405.92
2024-05-07,402.2808532714844,20018200,407.5189532422579,402.03516456718575,-0.010156,405.48
2024-05-08,403.460205078125,11792300,405.1210632585712,399.6962370156749,0.002932,405.12
2024-05-09,405.2094421386719,14689700,405.60253803694064,402.04497067197207,0.004336,404.82
2024-05-10,407.5877380371094,13402300,408.2167155386998,404.6984363706866,0.005869,404.62
2024-05-13,406.5852966308594,15440200,411.13545592488975,403.7353138522874,-0.002459,404.27
2024-05-14,409.3763122558594,15109300,410.29026696650755,404.4527014093116,0.006865,404.11
2024-05-15,416.53387451171875,22239500,417.25259039103736,410.81377223604346,0.017484,404.22
2024-05-16,414.4761962890625,17530100,418.8376756715858,413.84611435268135,-0.00494,404.35
2024-05-17,413.7082824707031,15352200,416.3763735645946,411.56201978291415,-0.001853,404.2
2024-05-20,418.75885009765625,16272100,420.16671696584166,413.4916228836326,0.012208,404.25
2024-05-21,422.4016418457031,21453300,426.27082729608003,418.2764696581723,0.008699,404.36
2024-05-22,423.8587646484375,18073700,425.71953602839017,420.521232077242,0.00345,404.63
2024-05-23,420.3932189941406,17211700,426.89110613989686,418.8376788510908,-0.008176,404.62
2024-05-24,423.5043029785156,11855300,424.39037161476875,417.84327052223153,0.0074,404.92
2024-05-28,423.661865234375,15718000,424.15412896604386,419.999421868943,0.000372,405.49
2024-05-29,422.52960205078125,15517100,424.2722045863308,419.10343616970863,-0.002673,405.99
2024-05-30,408.2539978027344,28394500,417.7349716036768,407.8306281783295,-0.033786,406.11
2024-05-31,408.7068786621094,47995300,410.3018082986228,398.25120211572766,0.001109,406.49
2024-06-03,407.1217956542969,17484700,409.98677424724076,402.5929932498963,-0.003878,406.99
2024-06-04,409.63232421875,14348900,409.99659455099004,403.341179685009,0.006167,407.51
2024-06-05,417.4494934082031,16988000,417.5183874951578,409.8587651411263,0.019083,408.07
2024-06-06,417.9515380859375,14861300,418.7293231019465,414.0724979392672,0.001203,408.6
2024-06-07,417.29193115234375,13621700,419.6843254469309,416.45507688003147,-0.001578,409.44
2024-06-10,421.2497253417969,13982900,421.45646767892094,417.33132559781046,0.009484,410.17
2024-06-11,425.98529052734375,14551100,426.1231387794062,418.67025946007556,0.011242,411.19
2024-06-12,434.2356872558594,22366200,436.5394779500611,426.5465300525426,0.019368,412.91
2024-06-13,434.74761962890625,15960600,436.52964196122593,432.57182236972,0.001179,414.47
2024-06-14,435.7223205566406,13582000,436.2835084137765,429.9628289677156,0.002242,415.96
2024-06-17,441.4325256347656,20790000,443.9627681496181,433.9008973733048,0.013105,417.35
2024-06-18,439.4339294433594,17112500,443.17515136355723,438.00638282722565,-0.004528,418.45
2024-06-20,438.8038635253906,19877400,439.6210080275433,434.4423844149745,-0.001434,419.67
2024-06-21,442.82073974609375,34187100,443.6083496603445,439.60134591371855,0.009154,420.98
2024-06-24,440.7434387207031,15913700,445.74482519591487,439.5029244573709,-0.004691,422.17
2024-06-25,443.97259521484375,16413400,444.4353242448053,439.837568562192,0.007327,423.38
2024-06-26,445.1639099121094,16507000,446.5816317625772,441.25533495755695,0.002683,424.66
2024-06-27,445.84326171875,14806300,449.11190006347704,444.7799552473841,0.001526,425.88
2024-06-28,440.03448486328125,28362300,448.3340427180204,439.50283171327214,-0.013029,426.66
2024-07-01,449.6632385253906,17662800,450.2933204774516,438.76451231040363,0.021882,427.84
2024-07-02,452.1737365722656,13979800,452.4789376582484,446.09918938158694,0.005583,429.12
2024-07-03,453.6406555175781,9932800,453.88678735468443,450.79538710423196,0.003244,430.28
2024-07-05,460.32562255859375,16000300,461.10340760685847,451.8685359116121,0.014736,431.54
2024-07-08,459.0260314941406,12962300,460.46346308739743,457.2735739768986,-0.002823,432.72
2024-07-09,452.4297180175781,17207200,460.09916463101644,450.91353744838284,-0.01437,433.79
2024-07-10,459.03594970703125,18196100,459.2426920705962,451.7602770153543,0.014602,434.97
2024-07-11,447.66461181640625,23111200,457.5886345893225,444.5633265323156,-0.024772,435.77
2024-07-12,446.53240966796875,16324300,449.2989293786312,443.6772860929006,-0.002529,436.57
2024-07-15,446.93603515625,14429400,450.1849934949163,444.44518211930125,0.000904,437.86
2024-07-16,442.5647277832031,17175700,447.27076735934133,439.7489939570935,-0.009781,438.99
2024-07-17,436.6575927734375,21778000,437.9670310742686,432.38474735385836,-0.013348,439.97
2024-07-18,433.5563659667969,20794800,437.7701424222079,427.67873564964367,-0.007102,440.77
2024-07-19,430.3467712402344,20940400,434.3144456334854,425.31585048613374,-0.007403,441.2
2024-07-22,436.0865783691406,15808800,437.7208974938516,432.1189340633458,0.013338,441.8
2024-07-23,437.9670715332031,13107100,441.45230735280467,436.2441483800791,0.004312,442.49
2024-07-24,422.2637939453125,26805800,434.64916540683873,420.9740654607642,-0.035855,442.53
2024-07-25,411.9263000488281,29943800,423.1499075413269,411.0500861973103,-0.024481,442.06
2024-07-26,418.6899108886719,23583800,422.28345954280974,410.8136925482291,0.016419,441.54
2024-07-29,420.12738037109375,15125800,425.46350195400487,418.1287909882396,0.003433,441.05
2024-07-30,416.3763122558594,32687600,422.41143955979663,410.9023126509883,-0.008928,440.41
2024-07-31,411.8770446777344,42891400,415.2539664560443,405.8320320070505,-0.010806,439.42
2024-08-01,410.6562194824219,30296400,420.8460843318748,406.69843005351635,-0.002964,438.46
2024-08-02,402.1695861816406,29437900,408.5788691410044,398.08380349930894,-0.020666,437.24
2024-08-05,389.0360107421875,40709200,394.83489176821496,379.6140759587015,-0.032657,435.45
2024-08-06,393.4269714355469,24946500,399.39323499306323,392.3341604668248,0.011287,433.87
2024-08-07,392.2652282714844,20650900,403.73496598996115,391.3200904199489,-0.002953,432.15
2024-08-08,396.4593811035156,20203000,399.58031645092876,393.75193048039444,0.010692,430.53
2024-08-09,399.7377624511719,19276700,401.7363516629641,396.03596024402367,0.008269,428.99
2024-08-12,400.5155944824219,16762900,402.43543495594565,397.98535182009545,0.001946,427.67
2024-08-13,407.60418701171875,19414300,408.5296451452922,403.23288307516907,0.017699,426.27
2024-08-14,410.4100646972656,18267000,411.25677385836923,406.0683254390975,0.006884,424.88
2024-08-15,415.2627258300781,20752100,415.34161674551206,411.9388929382302,0.011824,423.6
2024-08-16,412.7377624511719,22775600,415.5684441235936,411.5837759699612,-0.00608,422.01
2024-08-19,415.7558288574219,15234000,415.97281647426513,410.7552711189502,0.007312,420.57
2024-08-20,418.98101806640625,16387600,420.0264956299884,415.864330676567,0.007757,419.45
2024-08-21,418.330078125,16067300,420.5590998224222,415.9432144212139,-0.001554,418.1
2024-08-22,409.8577575683594,19361900,420.94381179948715,408.9306313403218,-0.020253,416.84
2024-08-23,411.0807800292969,18493800,413.51694694228206,406.4451490290269,0.002984,415.66
2024-08-26,407.82598876953125,13152800,411.56408163461276,405.7054455704439,-0.007918,414.35
2024-08-27,408.17120361328125,13492900,408.68406980179446,404.6303831532702,0.000846,413.21
2024-08-28,404.97552490234375,14882700,409.31524680031816,401.73058355405493,-0.007829,412.15
2024-08-29,407.4610900878906,17045200,416.26875999773983,404.97561980648004,0.006138,411.28
2024-08-30,411.4259948730469,24308300,411.7711764633265,406.4846126518204,0.009731,410.65
2024-09-03,403.83148193359375,20313600,414.1284769320411,401.4544905684809,-0.018459,409.57
2024-09-04,403.2988586425781,15135800,405.6068015782242,398.830912042889,-0.001319,408.42
2024-09-05,402.79583740234375,14195500,407.44131080829675,400.56678553175374,-0.001247,407.77
2024-09-06,396.197509765625,19609500,405.0248942566708,395.30981392110493,-0.016381,407.24
2024-09-09,400.16241455078125,15295100,403.0522719406784,396.6413094868822,0.010007,406.63
2024-09-10,408.5262451171875,19594300,410.62704280907684,402.1152829853601,0.020901,406.24
2024-09-11,417.2451477050781,19266900,418.1821164133012,403.9695029843538,0.021342,406.27
2024-09-12,421.1509094238281,17395700,421.5158363092752,414.0002206806835,0.009361,406.58
2024-09-13,424.6917419433594,15874600,425.914746697553,419.6320082561189,0.008408,407.05
2024-09-16,425.4314270019531,13834700,427.59143041386807,422.35417011362034,0.001742,407.82
2024-09-17,429.1893005371094,18874200,435.79753584231287,426.34874601904636,0.008833,409.16
2024-09-18,424.9087219238281,18898000,430.05721907964937,424.5142071811442,-0.009974,410.21
2024-09-19,432.6808166503906,21706600,435.4523227974912,430.9153276838819,0.018291,411.56
2024-09-20,429.3076171875,55167100,433.22323693457605,428.27201223229315,-0.007796,412.65
2024-09-23,427.5717468261719,15128900,430.48131937501944,424.4944897103184,-0.004043,413.58
2024-09-24,423.29119873046875,17015800,427.4139334394583,420.2632446802758,-0.010011,414.34
2024-09-25,426.1908874511719,13396400,427.18706197372046,422.6994004960537,0.00685,414.96
2024-09-26,425.40185546875,14492000,429.33719028271923,423.2517246244965,-0.001851,415.46
2024-09-27,422.1569519042969,14896100,425.9345052473445,421.61449786891575,-0.007628,415.69
2024-09-30,424.4056701660156,16807300,424.5240516705587,419.54320931350645,0.005327,416.08
2024-10-01,414.9273681640625,19092900,422.61066875300435,413.07311568923785,-0.022333,416.05
2024-10-02,411.4161376953125,16582300,417.0281982052677,411.00187763203274,-0.008462,415.8
2024-10-03,410.8341979980469,13686400,413.8029462214933,408.61501874387466,-0.001414,415.55
2024-10-04,410.3607482910156,19169700,414.00020455197927,409.28568287863294,-0.001152,415.56
2024-10-07,403.93011474609375,20919800,411.39639773757887,403.3975032576847,-0.015671,415.33
2024-10-08,409.02923583984375,19229300,409.9662346464486,402.5788433485802,0.012624,415.37
2024-10-09,411.7415771484375,14974300,414.6215919010832,408.62485957486433,0.006631,415.48
2024-10-10,410.1437683105469,13848400,411.63309377445904,407.49061385739407,-0.003881,415.66
2024-10-11,410.61724853515625,14144900,411.4161507329335,407.58929422530787,0.001154,415.76
2024-10-14,413.39862060546875,16653100,418.2314942204609,411.8007861364326,0.006774,415.83
2024-10-15,413.00408935546875,18900200,416.6928792987612,409.57177766327413,-0.000954,416.13
2024-10-16,410.41998291015625,15508900,410.6566857580044,404.8572552888869,-0.006257,416.37
2024-10-17,411.0117492675781,14820000,416.7125733271007,409.89722324961605,0.001442,416.64
2024-10-18,412.4320068359375,17145300,413.9015870376485,410.55803924257515,0.003456,417.19
2024-10-21,413.04351806640625,14206100,413.22104518863654,408.08242059822123,0.001483,417.62
2024-10-22,421.6539306640625,25482200,424.68185459098345,412.31365056093216,0.020846,418.05
2024-10-23,418.7838134765625,19654400,425.17503084101816,416.74216121867397,-0.006807,418.1
2024-10-24,418.91204833984375,13581600,420.1449258075998,416.61394788419994,0.000306,418.03
2024-10-25,422.2851257324219,16899100,426.5952599466425,420.7267820728724,0.008052,417.95
2024-10-28,420.7465515136719,14882400,426.02327304477956,420.46051551603273,-0.003643,417.79
2024-10-29,426.0331726074219,17644100,427.2364622843578,419.967391061662,0.012565,417.69
2024-10-30,426.60516357421875,29749100,432.4933871760131,426.1810609771617,0.001343,417.74
2024-10-31,400.7838134765625,53971000,410.4594334413064,400.73448031809437,-0.060528,416.68
2024-11-01,404.7486877441406,24230400,409.8084210802644,401.91800623395363,0.009893,415.86
2024-11-04,402.8648376464844,19672300,404.79801090779887,400.0144410053543,-0.004654,415.04
2024-11-05,405.8237609863281,17626000,409.2166418436789,402.4900558335031,0.007345,414.46
2024-11-06,414.42437744140625,26681800,414.69069825173966,404.89669627254005,0.021193,414.06
2024-11-07,419.6023864746094,19901800,421.0029483375747,414.12842327754487,0.012494,413.87
2024-11-08,416.75201416015625,16891400,420.65776126477715,416.0024150826717,-0.006793,413.69
2024-11-11,412.2840576171875,24503300,418.9908983471605,410.3015812107333,-0.010721,413.29
2024-11-12,417.23529052734375,19401200,418.6259798148705,411.485163708279,0.012009,413.36
2024-11-13,419.3756103515625,21502200,423.44901221052845,412.481339102593,0.00513,413.63
2024-11-14,421.0424499511719,30246900,422.30491523139983,414.24681513135374,0.003975,413.97
2024-11-15,409.3153381347656,28247600,417.0084818478404,407.9739818358906,-0.027853,413.93
2024-11-18,410.0648498535156,24727000,412.66867097822353,406.4549816196461,0.001831,414.14
2024-11-19,412.0671081542969,18133500,412.2150474297726,405.9125633985823,0.004883,414.24
2024-11-20,409.7986145019531,19191700,411.57397618834216,404.9558679972854,-0.005505,414.18
2024-11-21,408.0295715332031,20780200,414.85856338751086,405.47983232208855,-0.004317,414.11
2024-11-22,412.11114501953125,24814600,412.50644943843054,406.2407824115055,0.010003,414.16
2024-11-25,413.88018798828125,27691100,416.1433187151558,409.9863774439722,0.004293,414.17
2024-11-26,422.9722900390625,23458900,424.0099980685231,413.93946191933657,0.021968,414.5
2024-11-27,418.03094482421875,18332400,422.22125646736464,417.07231569319254,-0.011682,414.76
2024-11-29,418.49542236328125,16271900,419.8987878079345,412.90177557031507,0.001111,415.01
2024-12-02,425.92730712890625,20207200,427.9236142872225,416.3706625649292,0.017759,415.46
2024-12-03,426.1446838378906,18302000,427.3997836787713,422.72522667678595,0.00051,415.89
2024-12-04,432.291748046875,26009400,434.5153692878957,427.5578970490266,0.014425,416.25
2024-12-05,437.4307861328125,21697800,439.44687793021666,431.0564230401268,0.011888,416.87
2024-12-06,438.3696594238281,18821000,440.8699968788184,436.5907442566123,0.002146,417.52
2024-12-09,440.7908935546875,19144400,443.0738089240489,435.3356203613735,0.005523,418.13
2024-12-10,438.1324768066406,18469500,444.3487425824553,436.42277827381423,-0.006031,418.71
2024-12-11,443.72613525390625,19200200,445.07020661100427,438.8440482605507,0.012767,419.3
2024-12-12,444.2893981933594,20834800,450.81202644259827,443.8446618873549,0.001269,419.89
2024-12-13,442.0262756347656,20177800,446.13750815775296,440.3560864798084,-0.005094,421.27
2024-12-16,446.2956237792969,23598800,446.8787030896928,440.0596036741231,0.009659,422.65
2024-12-17,449.1319274902344,22733500,449.95221350533063,444.2992732645948,0.006355,424.2
2024-12-18,432.2621154785156,24444500,447.34318887069384,431.89642797238076,-0.037561,425.08
2024-12-19,431.9063415527344,22963700,437.98423408144293,431.2046739034814,-0.000823,425.66
2024-12-20,431.4813537597656,64263700,438.53762947103075,423.6047919913248,-0.000984,426.06
2024-12-23,430.1471862792969,19152500,432.51904296318025,427.7555447705133,-0.003092,426.5
2024-12-24,434.1793212890625,7164500,434.4461751355928,429.09959787026054,0.009374,427.23
2024-12-26,432.9736328125,8194200,435.7704710980457,431.51100346947777,-0.002777,427.76
2024-12-27,425.4825439453125,18117700,430.117561657289,421.351556737901,-0.017301,427.96
2024-12-30,419.849365234375,13158700,422.5374777077036,416.9537232035626,-0.01324,427.92
2024-12-31,416.5583801269531,13246500,421.727075036825,415.72823181420273,-0.007838,428.16
2025-01-02,413.6726379394531,16896500,421.0748471756245,409.98638702094667,-0.006928,428.28
2025-01-03,418.3866882324219,16662900,419.05870873446685,414.62135874681445,0.011396,428.49
2025-01-06,422.8340148925781,20573600,429.2281636678101,420.4918049209047,0.01063,428.93
2025-01-07,417.418212890625,18139100,425.6011386030249,415.8666120215368,-0.012808,429.24
2025-01-08,419.58251953125,15054600,421.9642686702226,416.5979364179098,0.005185,429.49
2025-01-10,414.03826904296875,20201100,419.7307186624862,410.1543211903234,-0.013214,429.49
2025-01-13,412.2989196777344,17604800,413.5935589908242,407.456372689251,-0.004201,429.14
2025-01-14,410.7967834472656,16935900,414.8190446806072,405.90480416806594,-0.003643,428.9
2025-01-15,421.31201171875,19637800,423.13043625280113,413.3662628653434,0.025597,428.99
2025-01-16,419.6022644042969,15300000,424.45470380326,419.4145196873236,-0.004058,428.78
2025-01-17,424.0001220703125,26197500,429.386239236107,423.1502190446997,0.010481,428.71
2025-01-21,423.476318359375,26085700,425.8481750206776,420.61032363697626,-0.001235,428.42
2025-01-22,440.9688415527344,27803800,442.0262741390286,430.888412499157,0.041307,428.53
2025-01-23,441.4728088378906,18389300,441.51234832669104,436.3238987940327,0.001143,428.64
2025-01-24,438.8539123535156,15549500,441.4135440071518,436.225094129831,-0.005932,428.57
2025-01-27,429.46527099609375,35647800,430.0977821935737,418.53493945291683,-0.021394,428.28
2025-01-28,441.9571228027344,23491700,443.1232814648123,426.3225862891417,0.029087,428.22
2025-01-29,437.1441345214844,23581400,441.64080867155576,435.23676897201045,-0.01089,427.99
2025-01-30,410.1247253417969,54586300,417.90245411076046,408.3161931892364,-0.061809,426.92
2025-01-31,410.19390869140625,34161900,415.7579084081136,410.0456732964256,0.000169,425.72
2025-02-03,406.1024169921875,25679100,410.5397669066902,403.868903417148,-0.009975,424.28
2025-02-04,407.5354309082031,20532100,409.0672770356713,404.9362598096777,0.003529,423.46
2025-02-05,408.4446716308594,16316700,408.97831905399164,405.5885389886856,0.002231,422.68
2025-02-06,410.94500732421875,16309800,413.2971094519946,409.14633744300244,0.006122,421.99
2025-02-07,404.9461364746094,22886800,413.74178783038474,403.3154869234488,-0.014598,421.15
2025-02-10,407.38720703125,20817900,410.5892121947109,406.10246006462063,0.006028,420.26
2025-02-11,406.6163330078125,18140600,407.6540108795472,404.50140761463905,-0.001892,419.38
2025-02-12,404.2444763183594,19121700,405.93442005448907,399.6292135248499,-0.005833,418.67
2025-02-13,405.7269287109375,23891700,406.1815273284111,401.5959111806531,0.003667,418.2
2025-02-14,403.6416015625,22758500,404.1159849495273,401.1215095634391,-0.00514,417.77
2025-02-18,404.83746337890625,21423100,405.78620005413757,401.7342617389566,0.002963,417.48
2025-02-19,409.90728759765625,24114200,410.61884763156144,402.8707662400353,0.012523,417.2
2025-02-20,412.07598876953125,23508700,415.2250013636158,408.52096684547683,0.005291,416.84
2025-02-21,404.2331237792969,27524800,413.97725680128366,403.91626425407014,-0.019033,416.4
2025-02-24,400.06414794921875,26443700,405.38182745676596,395.429748735741,-0.010313,415.75
2025-02-25,394.0235290527344,29387400,398.0043843099881,392.835237956153,-0.015099,415.08
2025-02-26,395.83575439453125,19619000,399.66804717869115,390.40913086553707,0.004599,414.53
2025-02-27,388.70587158203125,21127400,401.78716793671936,388.3493932994261,-0.018012,413.79
2025-02-28,393.1224060058594,32845700,393.7561854578909,382.80393739721217,0.011362,412.86
2025-03-03,384.7052307128906,23007700,394.93461038215554,382.39794340981075,-0.021411,411.69
2025-03-04,384.8240661621094,29342900,388.755390806373,377.2882188683939,0.000309,410.39
2025-03-05,397.1131591796875,23433100,397.7568509049982,385.02212029604283,0.031934,409.51
2025-03-06,393.0234069824219,23304600,398.2321421191711,388.8544001591339,-0.010299,407.91
2025-03-07,389.478271484375,22034100,390.9537458547577,381.7839796807534,-0.00902,406.18
2025-03-10,376.4563903808594,32840100,382.6355890788174,373.5450301742595,-0.033434,404.1
2025-03-11,376.74359130859375,30380200,382.23950999896846,373.2380702422645,0.000763,402.34
2025-03-12,379.5361022949219,24253600,381.46711712441265,375.25821149680263,0.007412,400.26
2025-03-13,375.0799255371094,20473000,381.5661320778761,373.7728082450696,-0.011741,398.19
2025-03-14,384.77459716796875,19952800,386.42834111474417,375.81277549488345,0.025847,397.34
2025-03-17,384.9131774902344,22474300,388.8840902907555,381.81366607483056,0.00036,396.5
2025-03-18,379.7836608886719,19486900,383.59615946585757,377.38725393405446,-0.013326,395.62
2025-03-19,384.0417785644531,19185500,385.8836435250732,380.2589866011294,0.011212,394.84
2025-03-20,383.0713195800781,18470500,387.97310772514027,379.5460042678497,-0.002527,394.0
2025-03-21,387.4482727050781,39675900,387.92357710345186,379.07067004050685,0.011426,393.21
2025-03-24,389.25048828125,21004500,391.54789342681113,386.0123564410982,0.004651,392.69
2025-03-25,391.3102722167969,15775000,392.4985634335279,388.81483346341923,0.005292,392.15
2025-03-26,386.17083740234375,16108400,391.45881045430576,384.7844825194778,-0.013134,391.47
2025-03-27,386.7748718261719,13766800,388.41870337339975,383.62585932715103,0.001564,390.89
2025-03-28,375.109619140625,21632000,385.3389984995421,373.2578420054409,-0.03016,389.87
2025-03-31,371.73284912109375,35184700,373.396474789069,363.6622247634287,-0.009002,388.8
2025-04-01,378.4666442871094,19689500,379.12021808448793,369.59394254927554,0.018115,387.93
2025-04-02,378.4171447753906,16092600,381.3284750168948,372.95090216784337,-0.000131,386.88
2025-04-03,369.4750671386719,30198000,373.80251903809335,365.7517184220645,-0.02363,385.46
2025-04-04,356.3343200683594,49209900,370.94062085342546,355.97784180916346,-0.035566,383.86
2025-04-07,354.3736267089844,50425000,367.3856281525139,341.43098078163547,-0.005502,382.34
2025-04-08,351.10577392578125,35868900,370.0097901278565,346.83776558065426,-0.009221,380.91
2025-04-09,386.68572998046875,50199700,389.39905670107095,349.66000929830324,0.101337,380.6
2025-04-10,377.63482666015625,38024400,380.15997201946135,364.21681503291546,-0.023406,380.23
2025-04-11,384.6656494140625,23839200,386.25003769690613,375.1987873888056,0.018618,379.95
2025-04-14,384.0318908691406,19251200,390.80525087459347,380.46695659777833,-0.001648,379.93
2025-04-15,381.97216796875,17199900,388.0721598970285,380.41745590518724,-0.005363,379.83
2025-04-16,367.98968505859375,21967800,377.892263018399,364.4148689208335,-0.036606,378.86
2025-04-17,364.1969909667969,21120200,370.6732850580017,363.31567729138493,-0.010307,377.9
2025-04-21,355.6213684082031,20807300,360.9291658129438,352.20499720618693,-0.023547,376.77
2025-04-22,363.2463684082031,19485000,364.18709517298703,356.3541524572501,0.021441,376.33
2025-04-23,370.74261474609375,20545500,376.68416126561135,369.38593623911186,0.020637,376.13
2025-04-24,383.5268249511719,22232300,384.6656455709585,371.53481777720657,0.034483,376.26
2025-04-25,388.0325622558594,18973200,388.3395397857319,380.8531925160722,0.011748,376.7
2025-04-28,387.3492431640625,16579400,388.91383718504306,382.8732888048125,-0.001761,376.78
2025-04-29,390.2012023925781,14974000,391.2508732709842,386.5768551213708,0.007363,376.96
2025-04-30,391.4093017578125,36461100,392.7956566127169,380.6947052715702,0.003096,377.35
2025-05-01,421.2556457519531,58938100,432.7327295827746,420.76051687113977,0.076254,378.59
2025-05-02,431.03936767578125,30757400,435.15884330772667,425.8008960147878,0.023225,380.19
2025-05-05,431.9207458496094,20136100,435.2182909345157,427.9002714913439,0.002045,381.67
2025-05-06,429.0885925292969,15104200,433.46554517602334,426.9694566129341,-0.006557,383.0
2025-05-07,429.12823486328125,23295300,433.8517538131467,426.9100367836598,9.2e-05,384.26
2025-05-08,433.9012451171875,23491300,439.3476626606329,431.41568853142036,0.011123,385.85
2025-05-09,434.4557800292969,15324200,436.4461774951318,431.6335394854884,0.001278,387.44
2025-05-12,444.8832092285156,22821900,444.9921230759706,435.4955548202822,0.024001,389.76
2025-05-13,444.764404296875,23618800,446.2794975271711,441.021200788799,-0.000267,392.2
2025-05-14,448.5273742675781,19902800,449.47801330220653,443.77414887416586,0.008461,394.53
2025-05-15,449.53924560546875,21992300,452.5749946823822,446.86062923137035,0.002256,396.9
2025-05-16,450.6702575683594,23849800,450.7595407562394,445.1741794982958,0.002516,399.61
2025-05-19,455.2337646484375,21336500,455.9480603525366,447.2277066057748,0.010126,402.91
2025-05-20,454.53936767578125,15441800,454.7080036018212,450.719869916101,-0.001525,406.25
2025-05-21,448.98370361328125,19216900,454.1524094962116,448.229716398419,-0.012223,409.51
2025-05-22,451.2555847167969,18025600,456.6028878213618,450.3032004241896,0.00506,411.66
2025-05-23,446.6126403808594,16883500,450.0948358464348,445.3527151156796,-0.010289,413.96
2025-05-27,457.0393371582031,20974300,457.2972865174385,452.5055441364309,0.023346,416.37
2025-05-28,453.7357482910156,17086300,458.8548627693229,453.3091629867606,-0.007228,418.7
2025-05-29,455.0453186035156,13974800,458.0612374989779,451.702028016876,0.002886,421.13
2025-05-30,456.7119445800781,34770500,458.02149174118404,451.93016282180776,0.003663,424.09
2025-06-02,458.3092346191406,16626500,458.44810948050275,453.2695031394806,0.003497,427.23
2025-06-03,459.3013000488281,15743800,460.4620419695056,457.20800452370844,0.002165,430.68
2025-06-04,460.1941223144531,14162700,461.9997072455568,459.35085196524574,0.001944,433.91
2025-06-05,463.97393798828125,20131700,465.9283282519781,460.3528678798598,0.008214,437.02
2025-06-06,466.6525573730469,15285600,469.5890928719542,465.06523024972654,0.005773,439.79
2025-06-09,469.0038146972656,16469900,469.67841894667356,464.90653697170796,0.005039,442.49
2025-06-10,467.1883239746094,15375900,469.0534009468453,463.25968221899245,-0.003871,445.15
2025-06-11,468.87481689453125,16399200,471.7022387212418,465.93828127215454,0.00361,447.77
2025-06-12,475.0753173828125,18950600,476.61305298608835,469.76770597774697,0.013224,450.56
2025-06-13,471.1962585449219,16814500,475.38281914376,469.0137102048777,-0.008165,452.23
2025-06-16,475.3431701660156,15626100,476.8808754060361,471.23596219473825,0.008801,453.7
2025-06-17,474.25189208984375,15414100,474.9463269378011,470.3232503868908,-0.002296,455.12
2025-06-18,476.4344482421875,17526500,477.1884355000323,470.70025162122124,0.004602,456.69
2025-06-20,473.616943359375,37576200,479.62891980922967,473.09114443804276,-0.005914,458.18
2025-06-23,482.1488037109375,24864000,483.884936234588,468.76571183115124,0.018014,459.79
2025-06-24,486.2261962890625,22305600,487.9524285572733,482.9424282150726,0.008457,461.51
2025-06-25,488.369140625,17495100,490.64100267238626,485.5119877675007,0.004407,462.96
2025-06-26,493.5080871582031,21578900,494.09340820956044,488.9048412091741,0.010523,464.59
2025-06-27,492.0100402832031,34539200,495.3434002058453,489.12309627390664,-0.003036,466.03
2025-06-30,493.4684143066406,28369000,496.79187420420715,491.4048797426009,0.002964,467.5
2025-07-01,488.1508483886719,19945400,494.10330273882704,487.08935037246306,-0.010776,468.75
2025-07-02,487.198486328125,16319600,489.5893925672679,484.82744098086494,-0.001951,469.81
2025-07-03,494.8870544433594,13984800,496.1668406146565,489.5298515465148,0.015781,471.16
2025-07-07,493.77593994140625,13981600,494.7977767455099,491.3056810299541,-0.002245,472.65
2025-07-08,492.6846008300781,11846600,494.2520972999508,490.19448127868003,-0.00221,474.03
2025-07-09,499.5200500488281,18659500,502.76412671878114,495.77990524850594,0.013874,475.8
2025-07-10,497.5061340332031,16492100,500.4426696344743,493.8056807647675,-0.004032,477.15
2025-07-11,499.3315734863281,16459500,501.0280145407016,493.85529597280816,0.003669,478.67
2025-07-14,499.033935546875,12058800,499.9764196247383,497.0597144820079,-0.000596,480.13
2025-07-15,501.811767578125,14927200,504.2720960834484,498.80577924001653,0.005566,481.63
2025-07-16,501.61334228515625,15154400,502.70463167926073,497.9129190668174,-0.000395,483.08
2025-07-17,507.6451721191406,17503100,509.3019216630888,501.61333461976557,0.012025,484.69
2025-07-18,506.00823974609375,21209700,510.56189422136015,503.40900604524023,-0.003225,486.22
2025-07-21,506.01812744140625,14066800,508.0320701704435,501.54385636100875,2e-05,487.62
2025-07-22,501.2660827636719,13868600,507.1491147296819,501.2660827636719,-0.009391,488.77
2025-07-23,501.861328125,16396600,502.77405108780124,496.7323137246232,0.001187,489.87
2025-07-24,506.8316345214844,16107000,509.5995039044367,503.27998658866585,0.009904,491.19
2025-07-25,509.6392517089844,19125700,514.1829150146133,506.3157616392057,0.00554,492.55
2025-07-28,508.43878173828125,14308000,510.91897091749235,506.07763679555273,-0.002356,493.66
2025-07-29,508.50823974609375,16469200,513.5182098314434,507.50623361872493,0.000137,494.9
2025-07-30,509.17291259765625,26380400,511.8614594904868,505.40303712186204,0.001307,496.03
2025-07-31,529.2723388671875,51617300,551.0484106553389,527.6850421089878,0.039475,497.87
2025-08-01,519.956787109375,28977600,531.5541546097426,516.7325410439772,-0.017601,499.32
2025-08-04,531.3955078125,25349000,533.9848111754816,523.9450087012631,0.021999,501.24
2025-08-05,523.5679931640625,19171600,533.0423047576313,523.0620248277625,-0.01473,502.62
2025-08-06,520.7802734375,21355700,527.486715540996,519.8775111011839,-0.005324,503.77
2025-08-07,516.7127685546875,16079100,523.9053178574718,513.4488005319126,-0.00781,504.72
2025-08-08,517.9031982421875,15531000,520.502431840537,515.2940341981842,0.002304,505.53
2025-08-11,517.6353149414062,20194400,523.4092023083725,515.6015114818953,-0.000517,506.39
2025-08-12,525.046142578125,18667000,526.7723446368122,518.5579891899393,0.014317,507.44
2025-08-13,516.454833984375,19619200,528.4787877679453,515.2544004746543,-0.016363,508.38
2025-08-14,518.3397216796875,20269100,521.7822560401938,516.0182983192124,0.00365,509.42
2025-08-15,516.0480346679688,25213300,521.9310366989816,514.9667059909838,-0.004421,510.13
2025-08-18,513.0023193359375,23760600,518.6770238166106,509.9467697824549,-0.005902,510.77
2025-08-19,505.7304382324219,21481000,511.0777107186651,504.5201046206217,-0.014175,511.2
2025-08-20,501.71258544921875,27723000,506.9507445735079,500.4427296092623,-0.007945,511.27
2025-08-21,501.06658935546875,18443300,504.435269171935,499.5561662916726,-0.001288,511.39
2025-08-22,504.037841796875,24324200,507.5158151187978,499.2481684011306,0.00593,511.55
2025-08-25,501.0865173339844,21638600,504.9917771303553,500.9473838488724,-0.005855,511.62
2025-08-26,498.8804931640625,30835700,501.801993130018,495.3727099158942,-0.004402,511.52
2025-08-27,503.5509033203125,17277900,504.09746017877256,496.75395340313815,0.009362,511.59
2025-08-28,506.43267822265625,18015600,507.8735346885091,502.3187180821136,0.005723,511.55
2025-08-29,503.501220703125,20961600,506.39291066950057,501.3150539612025,-0.005788,511.46
2025-09-02,501.9410705566406,18128000,502.81553721257154,493.68337117589067,-0.003099,511.33
2025-09-03,502.1696472167969,16345100,504.5942937991858,499.1587173668126,0.000455,511.36
2025-09-04,504.7731628417969,15509500,504.95202275876863,499.983489561643,0.005185,511.45
2025-09-05,491.8847961425781,31994800,508.7479993566889,489.27134277765646,-0.025533,510.95
2025-09-08,495.06463623046875,16771000,498.04575600626316,491.91457299081776,0.006465,510.47
2025-09-09,495.2733154296875,14410500,499.0891451753406,494.5677922273047,0.000422,510.03
2025-09-10,497.2209777832031,21611800,500.06299449245154,493.5939546766565,0.003933,509.65
2025-09-11,497.8569641113281,18881600,500.00337405269875,494.7466575341409,0.001279,509.28
2025-09-12,506.6910095214844,23624900,509.32432605160386,500.67909648146514,0.017744,508.52
2025-09-15,512.1166381835938,17143800,512.2259313574772,503.80926524972944,0.010708,508.26
2025-09-16,505.83642578125,19711900,513.9748550906477,505.3991924428879,-0.012263,507.41
2025-09-17,506.81024169921875,15816600,508.07226852063866,502.74598524416496,0.001925,506.85
2025-09-18,505.2501525878906,18913700,509.84107240669834,504.4651158521554,-0.003078,506.33
2025-09-19,514.6704711914062,52474100,516.0318444319288,507.09843147001845,0.018645,506.27
2025-09-22,511.21240234375,20009300,514.48167541423,509.3143886623668,-0.006719,506.04
2025-09-23,506.0252685546875,19799600,511.35155218118825,504.1173383670773,-0.010147,505.66
2025-09-24,506.9394226074219,13533700,509.2547456727144,503.72976965544393,0.001807,505.05
2025-09-25,503.8390808105469,15786500,506.8003375404676,501.8616142840625,-0.006116,504.63
2025-09-26,508.24114990234375,16213100,510.7055530942258,503.4316137794998,0.008737,504.3
2025-09-29,511.36138916015625,17617800,513.5972289973041,505.67741655332713,0.006139,504.14
2025-09-30,514.6903686523438,19728200,514.8990082310244,506.45253207823936,0.00651,504.2
2025-10-01,516.4392700195312,22632300,517.2342231556227,508.4697238165545,0.003398,504.55
2025-10-02,512.4942016601562,21222900,518.3173074331339,507.46604898963056,-0.007639,504.91
2025-10-03,514.0940551757812,15112300,517.2143082734997,511.75886906280147,0.003122,505.35
2025-10-06,525.2435302734375,21388600,527.6880704621805,514.9387971845453,0.021688,506.05
2025-10-07,520.682373046875,14615200,526.4657528279373,518.1583800775612,-0.008684,506.71
2025-10-08,521.546875,13363400,523.6336952116123,519.7980023635643,0.00166,507.46
2025-10-09,519.1123657226562,18343600,521.0302122328587,514.1438325922749,-0.004668,507.98
2025-10-10,507.74432373046875,24133800,520.2849266906686,506.42270727517143,-0.021899,508.02
2025-10-13,510.8149108886719,14284200,513.1600441163425,508.45983088995337,0.006048,508.27
2025-10-14,510.3378601074219,14684300,512.0371200755203,502.8154945413961,-0.000934,508.55
2025-10-15,510.19879150390625,14694700,513.93513816427,506.7903850161382,-0.000273,508.82
2025-10-16,508.3902282714844,15559600,513.597241245564,504.93214864922606,-0.003545,508.94
2025-10-17,510.3478698730469,19867800,512.235876086287,504.1173098719632,0.003851,509.55
2025-10-20,513.53759765625,14665600,515.4356111738924,510.19875812962454,0.00625,510.17
2025-10-21,514.4021606445312,15586200,515.4257076122852,509.81124074780416,0.001684,510.8
2025-10-22,517.2639770507812,18962700,521.9244631183706,514.4518312300626,0.005563,511.47
2025-10-23,517.283935546875,14023500,520.6526156742948,515.3461954332505,3.9e-05,512.12
2025-10-24,520.314697265625,15532400,522.0437370421222,517.4329845218087,0.005859,512.57
2025-10-27,528.1749877929688,18734700,531.2157277722118,525.6807743511338,0.015107,513.11
2025-10-28,538.6585083007812,29986700,550.2351530342114,537.3667019364588,0.019849,514.2
2025-10-29,538.1417846679688,36023000,542.8321112501552,533.3521116884923,-0.000959,515.25
2025-10-30,522.451171875,41023100,531.6031704966998,518.8340654321457,-0.029157,515.82
2025-10-31,514.5512084960938,34006400,525.9887810857076,511.85824179468614,-0.015121,515.82
2025-11-03,513.776123046875,22374700,521.6562086548496,511.3514766558802,-0.001506,515.9
2025-11-04,511.0931701660156,20958700,512.3054631947169,504.64399323613884,-0.005222,516.07
2025-11-05,503.9682312011719,23024300,511.58997398954807,503.39186440425516,-0.013941,515.97
2025-11-06,493.9715576171875,27406500,502.51744045426454,492.6896676102462,-0.019836,515.64
2025-11-07,493.6933288574219,24019800,496.2372153715257,490.1457889557352,-0.000563,515.16
2025-11-10,502.8155517578125,26101500,503.66020845333964,495.66085193460816,0.018478,514.87
2025-11-11,505.4786682128906,17980000,506.39289163210333,499.18851875070465,0.005296,514.57
2025-11-12,507.9232177734375,26574900,508.4498810705414,495.9788447581273,0.004836,514.28
2025-11-13,500.1225891113281,25273100,510.26832472026865,498.1351759673349,-0.015358,513.87
2025-11-14,506.9692687988281,28505700,508.3803456334317,494.30945534799014,0.01369,513.63
2025-11-17,504.2961730957031,19092800,508.8970396915909,501.73242330739504,-0.005273,512.94
2025-11-18,490.6824035644531,33815100,499.8145698875434,483.71651040889276,-0.026996,511.94
2025-11-19,484.05438232421875,23245300,492.0736023312663,479.79137227085766,-0.013508,510.69
2025-11-20,476.3088684082031,26802500,491.3817596467919,473.39186588492817,-0.016001,509.26
2025-11-21,470.0268249511719,31769200,476.796695003642,466.19388806310616,-0.013189,508.0
2025-11-24,471.8985290527344,34421000,474.7856658755464,465.9450303435204,0.003982,506.7
2025-11-25,474.8752136230469,28019800,477.0256407210385,462.82888433135173,0.006308,505.52
2025-11-26,483.3475036621094,25709100,486.14504291080743,479.06658014921754,0.017841,504.63
2025-11-28,489.82867431640625,14386700,490.44592067381114,484.49242217644115,0.013409,504.01
2025-12-01,484.5820007324219,23964000,487.68816317334665,482.5012705124726,-0.010711,503.15
2025-12-02,487.82757568359375,19562700,491.312058367048,484.16389832530854,0.006698,502.29
2025-12-03,475.6119689941406,34615100,482.09308589504883,473.0931871020635,-0.025041,501.0
2025-12-04,478.7081604003906,22318200,479.186043226252,474.3774403367437,0.00651,499.71
2025-12-05,481.01788330078125,22608700,481.2568095233099,476.7568601661199,0.004825,498.51
2025-12-08,488.8430480957031,21965900,490.11737199051475,482.2325023858298,0.016268,497.46
2025-12-09,489.8385925292969,14696100,489.93815525049575,486.33420957194573,0.002037,496.18
2025-12-10,476.4382629394531,35756200,482.10303829287767,472.973680864489,-0.027357,494.1
2025-12-11,481.3265075683594,24669200,483.8751552220924,473.750231167373,0.01026,492.21
2025-12-12,476.4084167480469,21248100,480.31105063829824,474.22812377070755,-0.010218,490.68
2025-12-15,472.7148742675781,23727700,478.588710310573,470.42505317808707,-0.007753,489.28
2025-12-16,474.2779235839844,20705600,475.7712732838117,468.79234263095657,0.003307,487.96
2025-12-17,474.00909423828125,24527200,477.8718969329872,472.8940646732686,-0.000567,486.73
2025-12-18,481.8342590332031,28573500,487.4293375934554,475.7712630284666,0.016508,485.99
2025-12-19,483.7656555175781,70836100,485.68709144559693,480.35083955461556,0.004008,485.65
2025-12-22,482.7701110839844,16963000,486.5632169440421,480.5499868948874,-0.002058,485.29
2025-12-23,484.6915588378906,14683600,485.66719456773416,482.5908977144131,0.00398,484.68
2025-12-24,485.8563232421875,5855900,486.99128356758627,482.680463867149,0.002403,484.03
2025-12-26,485.5477294921875,8842200,485.95591540329985,483.8054881161676,-0.000635,483.28
2025-12-29,484.9404296875,10893400,486.1848877649252,482.0333622504328,-0.001251,482.78
2025-12-30,485.3187561035156,13944500,487.5089841188462,483.3475235456682,0.00078,482.05
2025-12-31,481.4758605957031,15601600,485.97584057107747,481.15727202744546,-0.007918,481.29
2026-01-02,470.84320068359375,25571600,482.5112407273309,468.07552715971417,-0.022083,480.63
2026-01-05,470.75360107421875,25250300,473.95932625248497,467.41844739653146,-0.00019,480.19
2026-01-06,476.3885192871094,23037700,476.617480129593,467.6673473241013,0.01197,480.19
2026-01-07,481.3265075683594,25564200,487.5288974221053,475.83099176167434,0.010365,480.57
2026-01-08,475.9902648925781,18162600,480.5201105081445,473.7502403609407,-0.011087,480.71
2026-01-09,477.15509033203125,18491000,477.6927047258898,470.106493184136,0.002447,480.78
2026-01-12,475.06439208984375,23519900,478.85749783991434,473.57104241242143,-0.004382,480.51
2026-01-13,468.5832824707031,28545800,473.6706125344443,463.88420753037366,-0.013643,479.8
2026-01-14,457.3433532714844,28184300,466.12425727832346,455.14315976714454,-0.023987,478.89
2026-01-15,454.6354064941406,23225800,462.191752665677,453.8787662235596,-0.005921,477.78
2026-01-16,457.8211975097656,34246700,461.13645097900303,454.4562082505655,0.007007,477.19
2026-01-20,452.5048522949219,26130000,454.77474258752966,447.28809381488645,-0.011612,476.32
2026-01-21,442.1409912109375,37980500,450.6829681667298,436.73507280530305,-0.022903,475.02
2026-01-22,449.1398620605469,25349400,450.8323067932568,442.7284117030413,0.01583,473.7
2026-01-23,463.8841857910156,38000200,469.01134678020316,448.5325382185013,0.032828,472.83
2026-01-26,468.1949768066406,29291200,472.14737672642065,459.9516880286902,0.009293,472.56
2026-01-27,478.4493408203125,29213900,480.72919663912324,471.06225431764057,0.021902,472.46
2026-01-28,479.4946594238281,36875400,481.59528998521284,475.8807484603396,0.002185,472.56
2026-01-29,431.57806396484375,128855300,440.5381621786467,419.1533835040837,-0.099931,471.19
2026-01-30,428.3822937011719,58566800,437.65101486434605,424.55932220203715,-0.007405,469.66
2026-02-02,421.49298095703125,42219900,428.8303011436502,420.37795134689077,-0.016082,467.91
2026-02-03,409.3868713378906,61424100,420.178808008447,406.7486263222299,-0.028722,465.5
2026-02-04,412.35369873046875,45012400,417.93881231579195,407.4256323109538,0.007247,463.12
2026-02-05,391.9246520996094,66289200,406.4897635323938,390.5806313349955,-0.049543,460.09
2026-02-06,399.3615417480469,53515300,400.0086538663787,391.17798428483076,0.018975,457.24
2026-02-09,411.76629638671875,45480500,413.05058563481117,399.0927243377603,0.031061,454.77
2026-02-10,411.437744140625,44857900,421.80159473973595,410.8702943432265,-0.000798,452.3
2026-02-11,402.5771789550781,42491000,414.61357304478975,399.2320904458023,-0.021536,449.56
2026-02-12,400.05841064453125,40802400,404.3990960787573,396.24540458526855,-0.006257,446.72
2026-02-13,399.5407409667969,34091600,403.7420326637702,396.2852191820681,-0.001294,443.99
2026-02-17,395.1004943847656,32078800,398.7442713079252,392.78083787972264,-0.011113,441.46
2026-02-18,397.8283386230469,23223400,400.77520665339193,394.56288205367116,0.006904,439.03
2026-02-19,397.5988464355469,28234000,403.55594539020564,395.8127368785549,-0.000577,436.4
2026-02-20,396.37152099609375,34015200,399.2552593187824,394.3059873534157,-0.003087,433.57
2026-02-23,383.6390686035156,43238300,394.50551684604494,382.27203437696886,-0.032123,430.49
2026-02-24,388.1593017578125,33884700,388.5185091169527,380.88504821898124,0.011783,427.53
2026-02-25,399.7342224121094,43625500,400.60233728073825,389.31678308531696,0.02982,425.02
2026-02-26,400.851806640625,34405900,406.6093255926281,397.8782360341113,0.002796,422.76
2026-02-27,391.8912048339844,51367200,395.9624042352165,389.0374004516944,-0.022354,420.58
2026-03-02,397.6886291503906,35474900,400.32293811697235,389.78576315389057,0.014793,418.68
2026-03-03,403.0570068359375,38199200,405.82103971635513,391.82136299902305,0.013499,416.85
2026-03-04,404.32427978515625,35808000,410.14166638677375,399.44483360720756,0.003144,415.25
2026-03-05,409.79241943359375,39001300,410.72040218284053,403.525993165685,0.013524,414.17
2026-03-06,408.0761413574219,31123900,412.1572983375802,407.6271321747383,-0.004188,412.8
2026-03-09,408.5251770019531,30131900,409.3234358422322,402.62794618065146,0.0011,410.95
2026-03-10,404.8830871582031,31706400,409.31349393117443,402.05918625996463,-0.008915,408.84
2026-03-11,404.0049743652344,25512100,408.1260534422115,400.7220762180728,-0.002169,406.36
2026-03-12,400.9914855957031,27263900,405.2422886286942,400.84181586601125,-0.007459,403.75
2026-03-13,394.69512939453125,26848000,403.9251383935716,393.3979511212616,-0.015702,402.52
2026-03-16,399.08563232421875,27733700,399.7641553863696,393.9367805641587,0.011124,401.54
2026-03-17,398.5467834472656,26228300,403.5259891234105,396.8903674487218,-0.00135,400.78
2026-03-18,390.9432678222656,25908500,397.13983817793417,390.1549666521916,-0.019078,400.16
2026-03-19,388.1792297363281,25138800,391.6417315076428,386.2234742615233,-0.00707,399.35
2026-03-20,381.0447082519531,50853200,386.16362631018524,379.29849030352204,-0.018379,398.99
2026-03-23,382.1722717285156,29680100,386.3731646745857,380.85511716508233,0.002959,398.42
2026-03-24,371.9344177246094,42733600,381.6434000325674,371.04635704379217,-0.026789,397.09
2026-03-25,370.2381286621094,31181200,376.2451074667104,368.831172255135,-0.004561,395.72
2026-03-26,365.1790771484375,36836600,373.9101668945663,364.4007640805619,-0.013664,394.47
2026-03-27,355.9989318847656,37883400,361.6666793192034,355.73951450811694,-0.025139,393.0
2026-03-30,358.1842041015625,44797000,364.5703662773937,355.51000344849933,0.006138,391.62
2026-03-31,369.3699951171875,45244400,372.09407550142714,362.28533367877645,0.031229,390.77
2026-04-01,368.57171630859375,29417200,373.1817267376728,367.4042619540212,-0.002161,389.79
2026-04-02,372.6528625488281,24099100,372.83249667260446,363.3629859357669,0.011073,388.96
2026-04-06,372.0741271972656,16146600,372.92229624611906,368.70142726638517,-0.001553,388.15
2026-04-07,371.48541259765625,21443300,371.64507045865594,365.7677853538718,-0.001582,387.74
2026-04-08,373.52099609375,33064800,384.167949815935,370.6073237610428,0.00548,387.26
2026-04-09,372.26373291015625,30435300,372.6927962909368,366.2567237727329,-0.003366,386.34
2026-04-10,370.0684814453125,28111100,374.8281921461914,369.23030048358606,-0.005897,385.31
2026-04-13,383.539306640625,35745800,383.70895264062807,370.2181521550117,0.036401,385.04
2026-04-14,392.2604064941406,37504500,393.83700889302276,385.684652281273,0.022738,384.86
2026-04-15,410.3312683105469,45063400,413.47445440771634,395.8725939925935,0.046069,385.1
2026-04-16,419.35174560546875,41642400,419.9105328997013,411.2492993874727,0.021983,385.6
2026-04-17,421.87628173828125,48568200,430.64726300981,419.78081413338697,0.00602,386.0
2026-04-20,417.1664733886719,27582200,422.4150847565369,415.40027922801784,-0.011164,386.3
2026-04-21,423.2433166503906,32048500,426.25677891783357,416.2983670043314,0.014567,386.8
2026-04-22,431.984375,29378200,432.7626880248645,422.7543663498755,0.020653,387.7
2026-04-23,414.8514709472656,38308000,422.7443793162959,410.5208543154444,-0.039661,388.06
2026-04-24,423.7023010253906,27457400,424.0316048781353,414.9013556123021,0.021335,388.82
2026-04-27,423.9018859863281,30867300,426.1869149113369,416.1686352924954,0.000471,389.79
2026-04-28,428.3222961425781,30438100,428.99086152362304,420.9881750222059,0.010428,390.77
2026-04-29,423.5426330566406,38288300,425.8975483734993,419.38166246548025,-0.011159,391.6
2026-04-30,406.8987121582031,70909400,413.5243765293071,397.1498378648014,-0.039297,392.13
2026-05-01,413.5443115234375,31372400,416.2085240460113,409.5529563541748,0.016332,392.98
2026-05-04,412.72607421875,28066500,419.87060358807366,409.91216153093814,-0.001979,394.03
2026-05-05,410.4909362792969,25700900,415.8792597859335,407.916495085617,-0.005416,394.98
2026-05-06,413.0653381347656,30285900,417.51572107575487,404.23445872829495,0.006272,396.35
2026-05-07,419.8606262207031,34942400,427.05506598481406,417.8549909144547,0.016451,398.0
2026-05-08,414.22283935546875,33383800,417.7252633012779,413.105264767488,-0.013428,399.64
2026-05-11,411.7681579589844,35657900,411.79809190456297,404.6236285818644,-0.005926,401.49
2026-05-12,406.8887023925781,38594200,414.6020070114768,405.76117016707224,-0.01185,403.12
2026-05-13,404.3342590332031,29667100,405.4318878236479,400.1633000811369,-0.006278,404.28
2026-05-14,408.5451354980469,27077500,410.94993067744383,400.013625877668,0.010414,405.62
2026-05-15,421.0081481933594,50771200,427.24464052002446,412.01761111071977,0.030506,407.23
2026-05-18,422.6246643066406,32564100,424.2012362508279,414.7117792841577,0.00384,408.91
2026-05-19,416.51788330078125,33018700,431.7648588737268,415.58987007798993,-0.01445,410.41
2026-05-20,420.1499938964844,27864000,421.18775475321456,410.4110776678385,0.00872,411.97
2026-05-21,419.0899963378906,31393500,426.3399963378906,415.7099914550781,-0.002523,413.53
2026-05-22,418.57000732421875,22390300,424.3999938964844,416.3299865722656,-0.001241,415.15
2026-05-26,416.0299987792969,30398000,419.7699890136719,413.0199890136719,-0.006068,416.23
2026-05-27,412.6700134277344,28901500,415.94000244140625,409.5799865722656,-0.008076,416.91
2026-05-28,426.989990234375,47250500,429.489990234375,412.6700134277344,0.034701,417.46
2026-05-29,450.239990234375,79654400,450.3299865722656,432.3599853515625,0.054451,418.49
2026-06-01,460.5199890136719,53628900,466.32000732421875,458.2699890136719,0.022832,419.78
2026-06-02,441.30999755859375,37036800,453.5,440.42999267578125,-0.041714,420.59
2026-06-03,427.3399963378906,39037000,440.3900146484375,424.25,-0.031656,420.72
2026-06-04,428.04998779296875,26899500,436.1499938964844,426.4100036621094,0.001661,420.59
2026-06-05,416.6700134277344,34782200,429.4700012207031,414.3999938964844,-0.026586,420.65
2026-06-08,411.739990234375,32086700,417.1600036621094,408.55999755859375,-0.011832,420.25
2026-06-09,403.4100036621094,35247200,411.9800109863281,398.4800109863281,-0.020231,419.57
2026-06-10,,30387335,,,0.0,
